{
  "Citas" : {
    "-KlOyLpt6VjV7kDvP_vK" : {
      "EstablecimientoID" : "3",
      "costo" : "200.00",
      "horaDeLaCita" : "13:30",
      "nombreServicio" : "Blanquemiento dientes",
      "servicioID" : "3"
    },
    "-KlP-h-ydU1dHyqml3RW" : {
      "EstablecimientoID" : "2",
      "costo" : "90.00",
      "horaDeLaCita" : "11:11",
      "nombreServicio" : "Ortodoncia",
      "servicioID" : "2"
    },
    "-KlPJ97S1REBSj8qWL3I" : {
      "EstablecimientoID" : "4",
      "costo" : "80.00",
      "horaDeLaCita" : "18:30",
      "nombreServicio" : "Blanquemiento dientes",
      "servicioID" : "4"
    },
    "-KlPJWm5mEoU14Fo323X" : {
      "EstablecimientoID" : "3",
      "costo" : "200.00",
      "horaDeLaCita" : "13:0",
      "nombreServicio" : "Blanquemiento dientes",
      "servicioID" : "3"
    },
    "-KlPJaS1e-ukThfz2Y2_" : {
      "EstablecimientoID" : "3",
      "costo" : "200.00",
      "horaDeLaCita" : "13:1",
      "nombreServicio" : "Blanquemiento dientes",
      "servicioID" : "3"
    },
    "-KlPJcYFak0mpZpFOac8" : {
      "EstablecimientoID" : "3",
      "costo" : "200.00",
      "horaDeLaCita" : "13:1",
      "nombreServicio" : "Blanquemiento dientes",
      "servicioID" : "3"
    },
    "-KlPT3-WtcNA2AXZit27" : {
      "EstablecimientoID" : "3",
      "costo" : "200.00",
      "horaDeLaCita" : "12:21",
      "nombreServicio" : "Blanquemiento dientes",
      "servicioID" : "3"
    }
  },
  "Colonias" : {
    "México" : {
      "04360" : {
        "delegacion_municipio" : "Copilco",
        "estado" : "Ciudad de México"
      },
      "09200" : {
        "delegacion_municipio" : "Vicente Guerrero",
        "estado" : "Ciudad de México"
      },
      "31065" : {
        "delegacion_municipio" : "3 de Mayo Chihuahua",
        "estado" : "Chihuahua"
      },
      "55717" : {
        "delegacion_municipio" : "Coacalco de  Berriozabal Bosques del Valle 1a Sección",
        "estado" : "Estado de México"
      },
      "62115" : {
        "delegacion_municipio" : "Adolfo López Mateos Cuernavaca",
        "estado" : "Morelos"
      }
    }
  },
  "Descuentos" : [ null, {
    "bienID" : 1,
    "categoria" : "Servicios",
    "descuento" : 30,
    "establecimiento" : 1,
    "nombre" : "Brackets"
  }, {
    "bienID" : "prod1",
    "categoria" : "Productos",
    "descuento" : 50,
    "nombre" : "Producto1"
  }, {
    "bienID" : 3,
    "categoria" : "Tecnologia",
    "descuento" : 50,
    "nombre" : "TV LG 42\""
  }, {
    "bienID" : "prod3",
    "categoria" : "Productos",
    "descuento" : 45,
    "nombre" : "Producto3"
  } ],
  "DescuentosAdicionales" : [ null, {
    "aplicable" : "*",
    "codigoPostal" : 55717,
    "descuentoAdicional" : 30
  }, {
    "aplicable" : "*",
    "codigoPostal" : "09200",
    "descuentoAdicional" : 20
  } ],
  "Establecimientos" : [ null, {
    "codigoPostal" : 55717,
    "direccion" : "CLL HERMENEGILDO GALEANA 205, LA MERCED (ALAMEDA)",
    "horarioServicio" : "lunes de 10:00 a 23:59,martes de 10:00 a 20:59,miercoles de 00:00 a 23:59,jueves de 10:00 a 23:59,viernes de 10:00 a 20:00,sabado de 12:00 a 15:00",
    "nombre" : "Clinica Odontologia privada Doctor Rojas",
    "telefono" : "(55)5613-1340"
  }, {
    "codigoPostal" : "04360",
    "direccion" : "CLL PARQUE DE LOS REMEDIOS 8, EL PARQUE",
    "horarioServicio" : "lunes de 10:00 a 20:00,martes de 10:00 a 20:00,miercoles de 10:00 a 20:00,jueves de 10:00 a 20:00,viernes de 10:00 a 20:00,sabado de 12:00 a 15:00",
    "nombre" : "Clinica Odontologia Facultad de odontologia Unam",
    "telefono" : "(55)5613-4028"
  }, {
    "codigoPostal" : 55717,
    "direccion" : "PRIMERO DE ENERO 2, LA CAÑADA",
    "horarioServicio" : "lunes de 10:00 a 20:00,martes de 10:00 a 20:00,miercoles de 10:00 a 20:00,jueves de 10:00 a 20:00,viernes de 10:00 a 20:00,sabado de 12:00 a 15:00",
    "nombre" : "Restaurante Bellini",
    "telefono" : "(55)5813-1340"
  }, {
    "codigoPostal" : 31065,
    "direccion" : "AVE TOLTECAS S/N, PUENTE DE VIGAS",
    "horarioServicio" : "lunes de 13:00 a 23:59,martes de 13:00 a 23:59,miercoles de 13:00 a 23:59,jueves de 13:00 a 23:59,viernes de 10:00 a 23:59,sabado de 20:00 a 23:59",
    "nombre" : "Restaurante La Buena Barra",
    "telefono" : "(55)5743-3219"
  }, {
    "codigoPostal" : 62115,
    "direccion" : "HERMENEGILDO GALEANA 205",
    "horarioServicio" : "lunes de 10:00 a 20:00,martes de 10:00 a 20:00,miercoles de 10:00 a 20:00,jueves de 10:00 a 20:00,viernes de 10:00 a 20:00,sabado de 08:30 a 21:45",
    "nombre" : "Restaurante La Mansión (Palmas)",
    "telefono" : "(55)5590-9800"
  }, {
    "codigoPostal" : "09200",
    "direccion" : "CLL P TOLLOCAN 306, UNIVERSIDAD",
    "horarioServicio" : "lunes de 10:00 a 20:00,martes de 10:00 a 20:00,miercoles de 10:00 a 20:00,jueves de 10:00 a 20:00,viernes de 10:00 a 20:00,sabado de 12:00 a 15:00",
    "nombre" : "Restaurante Bellini UNIVERSIDAD",
    "telefono" : "(55)5813-1340"
  } ],
  "Productos" : {
    "prod1" : {
      "cantidad" : 2,
      "costo" : 180,
      "nombre" : "Producto1"
    },
    "prod2" : {
      "cantidad" : 5,
      "costo" : 140,
      "nombre" : "Producto2"
    },
    "prod3" : {
      "cantidad" : 1,
      "costo" : 200,
      "nombre" : "Producto3"
    }
  },
  "Servicios" : {
    "ServiciosMéxico" : [ null, {
      "costo" : "5400.00",
      "establecimiento" : "1",
      "nombreServicio" : "Brackets"
    }, {
      "costo" : "90.00",
      "establecimiento" : "2",
      "nombreServicio" : "Limpieza bucal"
    }, {
      "costo" : "200.00",
      "establecimiento" : "1",
      "nombreServicio" : "Blanquemiento dientes"
    }, {
      "costo" : "80.00",
      "establecimiento" : "2",
      "nombreServicio" : "Blanquemiento dientes"
    }, {
      "costo" : "200.00",
      "establecimiento" : "3",
      "nombreServicio" : "Cena para 2 personas"
    }, {
      "costo" : "700.00",
      "establecimiento" : "4",
      "nombreServicio" : "Cena para 2 personas"
    }, {
      "costo" : "800.00",
      "establecimiento" : "3",
      "nombreServicio" : "Cena para 4 personas"
    }, {
      "costo" : "1400.00",
      "establecimiento" : "4",
      "nombreServicio" : "Cena para 4 personas"
    } ]
  },
  "Usuarios" : [ null, {
    "codigoPostal" : 55717,
    "correo" : "alejandreyes36@gmail.com",
    "nombre" : "Anzures Reyes Miguel Alejandro",
    "tieneDescuento" : 1
  } ]
}
